ecc_type,word_length,error_pattern,trials,correctable_errors,detected_errors,undetected_errors,encode_time_avg,decode_time_avg,total_time_avg,code_rate,overhead_ratio,correction_rate,detection_rate,success_rate,error_distribution
BCHECC,16,burst,1000,1000,0,0,2.0956993103027344e-07,2.679824829101563e-07,4.775524139404297e-07,16.0,-0.9375,1.0,1.0,1.0,"{'corrected': 1000, 'detected': 0, 'undetected': 0}"
BCHECC,16,double,1000,1000,0,0,2.1100044250488281e-07,2.5653839111328127e-07,4.675388336181641e-07,4.0,-0.75,1.0,1.0,1.0,"{'corrected': 1000, 'detected': 0, 'undetected': 0}"
BCHECC,16,random,1000,1000,0,0,1.7976760864257813e-07,2.288818359375e-07,4.086494445800781e-07,2.2857142857142856,-0.5625,1.0,1.0,1.0,"{'corrected': 1000, 'detected': 0, 'undetected': 0}"
BCHECC,16,single,1000,1000,0,0,1.9788742065429687e-07,2.553462982177734e-07,4.5323371887207027e-07,3.2,-0.6875,1.0,1.0,1.0,"{'corrected': 1000, 'detected': 0, 'undetected': 0}"
BCHECC,32,burst,1000,1000,0,0,1.9621849060058593e-07,2.4437904357910154e-07,4.4059753417968747e-07,4.571428571428571,-0.78125,1.0,1.0,1.0,"{'corrected': 1000, 'detected': 0, 'undetected': 0}"
BCHECC,32,double,1000,1000,0,0,1.785755157470703e-07,2.3603439331054687e-07,4.1460990905761716e-07,32.0,-0.96875,1.0,1.0,1.0,"{'corrected': 1000, 'detected': 0, 'undetected': 0}"
BCHECC,32,random,1000,1000,0,0,2.3818016052246094e-07,3.027915954589844e-07,5.409717559814453e-07,4.571428571428571,-0.78125,1.0,1.0,1.0,"{'corrected': 1000, 'detected': 0, 'undetected': 0}"
BCHECC,32,single,1000,1000,0,0,1.79290771484375e-07,2.1696090698242188e-07,3.9625167846679686e-07,4.571428571428571,-0.78125,1.0,1.0,1.0,"{'corrected': 1000, 'detected': 0, 'undetected': 0}"
BCHECC,4,burst,1000,1000,0,0,1.8024444580078125e-07,2.338886260986328e-07,4.141330718994141e-07,0.5714285714285714,0.75,1.0,1.0,1.0,"{'corrected': 1000, 'detected': 0, 'undetected': 0}"
BCHECC,4,double,1000,1000,0,0,1.7404556274414062e-07,2.2292137145996095e-07,3.9696693420410157e-07,0.8,0.25,1.0,1.0,1.0,"{'corrected': 1000, 'detected': 0, 'undetected': 0}"
BCHECC,4,random,1000,1000,0,0,1.773834228515625e-07,2.079010009765625e-07,3.85284423828125e-07,0.5714285714285714,0.75,1.0,1.0,1.0,"{'corrected': 1000, 'detected': 0, 'undetected': 0}"
BCHECC,4,single,1000,1000,0,0,1.9526481628417968e-07,2.562999725341797e-07,4.5156478881835935e-07,1.0,0.0,1.0,1.0,1.0,"{'corrected': 1000, 'detected': 0, 'undetected': 0}"
BCHECC,8,burst,1000,1000,0,0,1.8286705017089844e-07,2.3174285888671874e-07,4.1460990905761716e-07,1.3333333333333333,-0.25,1.0,1.0,1.0,"{'corrected': 1000, 'detected': 0, 'undetected': 0}"
BCHECC,8,double,1000,1000,0,0,1.8525123596191407e-07,2.553462982177734e-07,4.4059753417968747e-07,1.1428571428571428,-0.125,1.0,1.0,1.0,"{'corrected': 1000, 'detected': 0, 'undetected': 0}"
BCHECC,8,random,1000,1000,0,0,2.124309539794922e-07,2.5987625122070314e-07,4.7230720520019533e-07,2.0,-0.5,1.0,1.0,1.0,"{'corrected': 1000, 'detected': 0, 'undetected': 0}"
BCHECC,8,single,1000,1000,0,0,1.6856193542480468e-07,2.1910667419433595e-07,3.876686096191406e-07,1.1428571428571428,-0.125,1.0,1.0,1.0,"{'corrected': 1000, 'detected': 0, 'undetected': 0}"
BurstErrorECC,16,burst,1000,0,1000,0,4.498004913330078e-05,0.001264033555984497,0.0013090136051177978,0.5,1.0,0.0,1.0,1.0,"{'corrected': 0, 'detected': 1000, 'undetected': 0}"
BurstErrorECC,16,double,1000,98,902,0,5.0578117370605465e-05,0.0011926567554473876,0.0012432348728179932,0.5,1.0,0.098,1.0,1.0,"{'corrected': 98, 'detected': 902, 'undetected': 0}"
BurstErrorECC,16,random,1000,49,951,0,4.936361312866211e-05,0.0013170638084411621,0.0013664274215698243,0.5,1.0,0.049,1.0,1.0,"{'corrected': 49, 'detected': 951, 'undetected': 0}"
BurstErrorECC,16,single,1000,0,1000,0,4.5169591903686526e-05,0.0012605950832366944,0.001305764675140381,0.5161290322580645,0.9375,0.0,1.0,1.0,"{'corrected': 0, 'detected': 1000, 'undetected': 0}"
BurstErrorECC,32,burst,1000,0,1000,0,0.00012848973274230956,0.007465976715087891,0.0075944664478302,0.5,1.0,0.0,1.0,1.0,"{'corrected': 0, 'detected': 1000, 'undetected': 0}"
BurstErrorECC,32,double,1000,63,937,0,0.00014010334014892577,0.007736700773239136,0.007876804113388062,0.5245901639344263,0.90625,0.063,1.0,1.0,"{'corrected': 63, 'detected': 937, 'undetected': 0}"
BurstErrorECC,32,random,1000,7,993,0,0.00012791895866394042,0.007388648271560669,0.007516567230224609,0.5245901639344263,0.90625,0.007,1.0,1.0,"{'corrected': 7, 'detected': 993, 'undetected': 0}"
BurstErrorECC,32,single,1000,0,1000,0,0.00013455367088317872,0.0077271866798400875,0.007861740350723265,0.5,1.0,0.0,1.0,1.0,"{'corrected': 0, 'detected': 1000, 'undetected': 0}"
BurstErrorECC,4,burst,1000,0,1000,0,3.850460052490234e-06,2.6315212249755858e-05,3.0165672302246094e-05,0.5,1.0,0.0,1.0,1.0,"{'corrected': 0, 'detected': 1000, 'undetected': 0}"
BurstErrorECC,4,double,1000,596,404,0,3.921985626220703e-06,1.6176700592041014e-05,2.0098686218261718e-05,0.5714285714285714,0.75,0.596,1.0,1.0,"{'corrected': 596, 'detected': 404, 'undetected': 0}"
BurstErrorECC,4,random,1000,595,405,0,3.7910938262939453e-06,1.376628875732422e-05,1.7557382583618165e-05,0.5,1.0,0.595,1.0,1.0,"{'corrected': 595, 'detected': 405, 'undetected': 0}"
BurstErrorECC,4,single,1000,0,1000,0,3.91697883605957e-06,2.744603157043457e-05,3.136301040649414e-05,0.5714285714285714,0.75,0.0,1.0,1.0,"{'corrected': 0, 'detected': 1000, 'undetected': 0}"
BurstErrorECC,8,burst,1000,999,1,0,1.4362812042236327e-05,8.267951011657715e-05,9.704232215881348e-05,0.5714285714285714,0.75,0.999,1.0,1.0,"{'corrected': 999, 'detected': 1, 'undetected': 0}"
BurstErrorECC,8,double,1000,153,847,0,1.405930519104004e-05,0.00015382957458496093,0.00016788887977600098,0.5,1.0,0.153,1.0,1.0,"{'corrected': 153, 'detected': 847, 'undetected': 0}"
BurstErrorECC,8,random,1000,242,758,0,1.2685775756835937e-05,0.00013155794143676757,0.0001442437171936035,0.5,1.0,0.242,1.0,1.0,"{'corrected': 242, 'detected': 758, 'undetected': 0}"
BurstErrorECC,8,single,1000,0,1000,0,1.3447284698486328e-05,0.00017361903190612793,0.00018706631660461427,0.5333333333333333,0.875,0.0,1.0,1.0,"{'corrected': 0, 'detected': 1000, 'undetected': 0}"
ConcatenatedECC,16,burst,1000,206,794,0,4.434704780578613e-05,4.897475242614746e-05,9.332180023193358e-05,0.35555555555555557,1.8125,0.206,1.0,1.0,"{'corrected': 206, 'detected': 794, 'undetected': 0}"
ConcatenatedECC,16,double,1000,854,146,0,4.757785797119141e-05,5.209183692932129e-05,9.96696949005127e-05,0.35555555555555557,1.8125,0.854,1.0,1.0,"{'corrected': 854, 'detected': 146, 'undetected': 0}"
ConcatenatedECC,16,random,1000,428,572,0,4.666614532470703e-05,5.16822338104248e-05,9.834837913513183e-05,0.38095238095238093,1.625,0.428,1.0,1.0,"{'corrected': 428, 'detected': 572, 'undetected': 0}"
ConcatenatedECC,16,single,1000,1000,0,0,4.8271656036376955e-05,5.2559852600097656e-05,0.00010083150863647461,0.37209302325581395,1.6875,1.0,1.0,1.0,"{'corrected': 1000, 'detected': 0, 'undetected': 0}"
ConcatenatedECC,32,burst,1000,183,817,0,7.620644569396972e-05,8.244872093200684e-05,0.00015865516662597656,0.35555555555555557,1.8125,0.183,1.0,1.0,"{'corrected': 183, 'detected': 817, 'undetected': 0}"
ConcatenatedECC,32,double,1000,929,71,0,7.593822479248046e-05,8.292222023010254e-05,0.000158860445022583,0.3516483516483517,1.84375,0.929,1.0,1.0,"{'corrected': 929, 'detected': 71, 'undetected': 0}"
ConcatenatedECC,32,random,1000,150,850,0,7.435131072998046e-05,8.372235298156738e-05,0.00015807366371154786,0.3516483516483517,1.84375,0.15,1.0,1.0,"{'corrected': 150, 'detected': 850, 'undetected': 0}"
ConcatenatedECC,32,single,1000,1000,0,0,8.568882942199706e-05,9.158706665039063e-05,0.0001772758960723877,0.34408602150537637,1.90625,1.0,1.0,1.0,"{'corrected': 1000, 'detected': 0, 'undetected': 0}"
ConcatenatedECC,4,burst,1000,650,350,0,1.7883777618408204e-05,1.9949913024902344e-05,3.783369064331055e-05,0.2222222222222222,3.5,0.65,1.0,1.0,"{'corrected': 650, 'detected': 350, 'undetected': 0}"
ConcatenatedECC,4,double,1000,552,448,0,2.2894620895385742e-05,2.5649309158325196e-05,4.854393005371094e-05,0.2222222222222222,3.5,0.552,1.0,1.0,"{'corrected': 552, 'detected': 448, 'undetected': 0}"
ConcatenatedECC,4,random,1000,781,219,0,1.771354675292969e-05,1.9316434860229493e-05,3.702998161315918e-05,0.6666666666666666,0.5,0.781,1.0,1.0,"{'corrected': 781, 'detected': 219, 'undetected': 0}"
ConcatenatedECC,4,single,1000,1000,0,0,2.5876760482788085e-05,2.8823375701904298e-05,5.470013618469238e-05,0.2222222222222222,3.5,1.0,1.0,1.0,"{'corrected': 1000, 'detected': 0, 'undetected': 0}"
ConcatenatedECC,8,burst,1000,264,736,0,2.7980327606201173e-05,3.1323909759521486e-05,5.930423736572266e-05,0.42105263157894735,1.375,0.264,1.0,1.0,"{'corrected': 264, 'detected': 736, 'undetected': 0}"
ConcatenatedECC,8,double,1000,670,330,0,2.5763034820556642e-05,2.9899120330810548e-05,5.566215515136719e-05,0.42105263157894735,1.375,0.67,1.0,1.0,"{'corrected': 670, 'detected': 330, 'undetected': 0}"
ConcatenatedECC,8,random,1000,706,294,0,2.9179096221923827e-05,3.119349479675293e-05,6.037259101867676e-05,0.4444444444444444,1.25,0.706,1.0,1.0,"{'corrected': 706, 'detected': 294, 'undetected': 0}"
ConcatenatedECC,8,single,1000,1000,0,0,2.4960756301879882e-05,2.6851892471313477e-05,5.1812648773193355e-05,0.42105263157894735,1.375,1.0,1.0,1.0,"{'corrected': 1000, 'detected': 0, 'undetected': 0}"
ConvolutionalECC,16,burst,1000,1000,0,0,3.346610069274902e-05,1.1494932022094726,1.1495266683101653,0.5714285714285714,0.75,1.0,1.0,1.0,"{'corrected': 1000, 'detected': 0, 'undetected': 0}"
ConvolutionalECC,16,double,1000,1000,0,0,3.5258293151855465e-05,1.1501190292835235,1.1501542875766753,0.5517241379310345,0.8125,1.0,1.0,1.0,"{'corrected': 1000, 'detected': 0, 'undetected': 0}"
ConvolutionalECC,16,random,1000,1000,0,0,3.474187850952148e-05,1.0958120095729829,1.0958467514514925,0.5,1.0,1.0,1.0,1.0,"{'corrected': 1000, 'detected': 0, 'undetected': 0}"
ConvolutionalECC,16,single,1000,1000,0,0,3.447341918945313e-05,1.1392590482234954,1.139293521642685,0.5161290322580645,0.9375,1.0,1.0,1.0,"{'corrected': 1000, 'detected': 0, 'undetected': 0}"
ConvolutionalECC,32,burst,1000,1000,0,0,3.409194946289062e-05,1.1717916588783264,1.1718257508277892,1.0,0.0,1.0,1.0,1.0,"{'corrected': 1000, 'detected': 0, 'undetected': 0}"
ConvolutionalECC,32,double,1000,1000,0,0,3.4031152725219725e-05,1.1489437296390534,1.1489777607917786,1.032258064516129,-0.03125,1.0,1.0,1.0,"{'corrected': 1000, 'detected': 0, 'undetected': 0}"
ConvolutionalECC,32,random,1000,1000,0,0,3.3514261245727536e-05,1.0730456626415252,1.073079176902771,1.0666666666666667,-0.0625,1.0,1.0,1.0,"{'corrected': 1000, 'detected': 0, 'undetected': 0}"
ConvolutionalECC,32,single,1000,1000,0,0,3.3815860748291016e-05,1.1410509989261628,1.141084814786911,1.1428571428571428,-0.125,1.0,1.0,1.0,"{'corrected': 1000, 'detected': 0, 'undetected': 0}"
ConvolutionalECC,4,burst,1000,1000,0,0,4.6956539154052735e-06,5.025291442871094e-05,5.494856834411621e-05,0.5714285714285714,0.75,1.0,1.0,1.0,"{'corrected': 1000, 'detected': 0, 'undetected': 0}"
ConvolutionalECC,4,double,1000,1000,0,0,4.2903423309326174e-06,4.36246395111084e-05,4.7914981842041015e-05,1.0,0.0,1.0,1.0,1.0,"{'corrected': 1000, 'detected': 0, 'undetected': 0}"
ConvolutionalECC,4,random,1000,1000,0,0,4.457235336303711e-06,4.784464836120606e-05,5.230188369750977e-05,4.0,-0.75,1.0,1.0,1.0,"{'corrected': 1000, 'detected': 0, 'undetected': 0}"
ConvolutionalECC,4,single,1000,1000,0,0,4.372596740722656e-06,4.569077491760254e-05,5.0063371658325194e-05,0.5714285714285714,0.75,1.0,1.0,1.0,"{'corrected': 1000, 'detected': 0, 'undetected': 0}"
ConvolutionalECC,8,burst,1000,1000,0,0,1.744532585144043e-05,0.0021871237754821776,0.002204569101333618,0.6666666666666666,0.5,1.0,1.0,1.0,"{'corrected': 1000, 'detected': 0, 'undetected': 0}"
ConvolutionalECC,8,double,1000,1000,0,0,1.7560720443725586e-05,0.002051227331161499,0.0020687880516052247,0.8888888888888888,0.125,1.0,1.0,1.0,"{'corrected': 1000, 'detected': 0, 'undetected': 0}"
ConvolutionalECC,8,random,1000,1000,0,0,1.7517566680908204e-05,0.002435166358947754,0.002452683925628662,1.1428571428571428,-0.125,1.0,1.0,1.0,"{'corrected': 1000, 'detected': 0, 'undetected': 0}"
ConvolutionalECC,8,single,1000,1000,0,0,1.5361309051513674e-05,0.002148329734802246,0.0021636910438537597,0.6153846153846154,0.625,1.0,1.0,1.0,"{'corrected': 1000, 'detected': 0, 'undetected': 0}"
CRCECC,16,burst,1000,1000,0,0,2.942085266113281e-07,3.223419189453125e-07,6.165504455566407e-07,0.6666666666666666,0.5,1.0,1.0,1.0,"{'corrected': 1000, 'detected': 0, 'undetected': 0}"
CRCECC,16,double,1000,1000,0,0,2.9969215393066404e-07,3.082752227783203e-07,6.079673767089843e-07,0.7272727272727273,0.375,1.0,1.0,1.0,"{'corrected': 1000, 'detected': 0, 'undetected': 0}"
CRCECC,16,random,1000,1000,0,0,2.5916099548339843e-07,2.963542938232422e-07,5.555152893066406e-07,0.6666666666666666,0.5,1.0,1.0,1.0,"{'corrected': 1000, 'detected': 0, 'undetected': 0}"
CRCECC,16,single,1000,1000,0,0,4.2223930358886717e-07,3.528594970703125e-07,7.750988006591797e-07,0.6666666666666666,0.5,1.0,1.0,1.0,"{'corrected': 1000, 'detected': 0, 'undetected': 0}"
CRCECC,32,burst,1000,1000,0,0,2.7060508728027344e-07,3.402233123779297e-07,6.108283996582032e-07,0.8205128205128205,0.21875,1.0,1.0,1.0,"{'corrected': 1000, 'detected': 0, 'undetected': 0}"
CRCECC,32,double,1000,1000,0,0,2.63214111328125e-07,3.1185150146484376e-07,5.750656127929687e-07,0.8,0.25,1.0,1.0,1.0,"{'corrected': 1000, 'detected': 0, 'undetected': 0}"
CRCECC,32,random,1000,1000,0,0,3.578662872314453e-07,4.0435791015625e-07,7.622241973876953e-07,0.8205128205128205,0.21875,1.0,1.0,1.0,"{'corrected': 1000, 'detected': 0, 'undetected': 0}"
CRCECC,32,single,1000,1000,0,0,2.605915069580078e-07,3.0159950256347654e-07,5.621910095214843e-07,0.8888888888888888,0.125,1.0,1.0,1.0,"{'corrected': 1000, 'detected': 0, 'undetected': 0}"
CRCECC,4,burst,1000,1000,0,0,2.8324127197265624e-07,3.285408020019531e-07,6.117820739746093e-07,0.36363636363636365,1.75,1.0,1.0,1.0,"{'corrected': 1000, 'detected': 0, 'undetected': 0}"
CRCECC,4,double,1000,1000,0,0,3.125667572021484e-07,3.714561462402344e-07,6.840229034423828e-07,0.36363636363636365,1.75,1.0,1.0,1.0,"{'corrected': 1000, 'detected': 0, 'undetected': 0}"
CRCECC,4,random,1000,1000,0,0,3.5023689270019533e-07,3.9649009704589845e-07,7.467269897460938e-07,0.36363636363636365,1.75,1.0,1.0,1.0,"{'corrected': 1000, 'detected': 0, 'undetected': 0}"
CRCECC,4,single,1000,1000,0,0,3.783702850341797e-07,4.4488906860351565e-07,8.232593536376954e-07,0.3333333333333333,2.0,1.0,1.0,1.0,"{'corrected': 1000, 'detected': 0, 'undetected': 0}"
CRCECC,8,burst,1000,1000,0,0,3.509521484375e-07,3.862380981445313e-07,7.371902465820313e-07,0.5,1.0,1.0,1.0,1.0,"{'corrected': 1000, 'detected': 0, 'undetected': 0}"
CRCECC,8,double,1000,1000,0,0,3.8313865661621093e-07,4.3916702270507814e-07,8.22305679321289e-07,0.5,1.0,1.0,1.0,1.0,"{'corrected': 1000, 'detected': 0, 'undetected': 0}"
CRCECC,8,random,1000,1000,0,0,3.3712387084960936e-07,3.5405158996582034e-07,6.911754608154297e-07,0.5,1.0,1.0,1.0,1.0,"{'corrected': 1000, 'detected': 0, 'undetected': 0}"
CRCECC,8,single,1000,1000,0,0,3.554821014404297e-07,3.8313865661621093e-07,7.386207580566406e-07,0.5,1.0,1.0,1.0,1.0,"{'corrected': 1000, 'detected': 0, 'undetected': 0}"
ExtendedHammingECC,16,burst,1000,0,1000,0,2.3408889770507812e-05,2.6043176651000978e-05,4.945206642150879e-05,0.7272727272727273,0.375,0.0,1.0,1.0,"{'corrected': 0, 'detected': 1000, 'undetected': 0}"
ExtendedHammingECC,16,double,1000,1000,0,0,2.3987770080566405e-05,2.5258541107177733e-05,4.9246311187744134e-05,0.7619047619047619,0.3125,1.0,1.0,1.0,"{'corrected': 1000, 'detected': 0, 'undetected': 0}"
ExtendedHammingECC,16,random,1000,490,510,0,2.7797698974609375e-05,2.991461753845215e-05,5.771231651306152e-05,0.7272727272727273,0.375,0.49,1.0,1.0,"{'corrected': 490, 'detected': 510, 'undetected': 0}"
ExtendedHammingECC,16,single,1000,0,1000,0,2.315497398376465e-05,2.5156259536743165e-05,4.8311233520507814e-05,0.7272727272727273,0.375,0.0,1.0,1.0,"{'corrected': 0, 'detected': 1000, 'undetected': 0}"
ExtendedHammingECC,32,burst,1000,0,1000,0,4.198360443115235e-05,4.3950796127319333e-05,8.593440055847168e-05,0.8205128205128205,0.21875,0.0,1.0,1.0,"{'corrected': 0, 'detected': 1000, 'undetected': 0}"
ExtendedHammingECC,32,double,1000,1000,0,0,4.2270183563232425e-05,4.390287399291992e-05,8.617305755615235e-05,0.8421052631578947,0.1875,1.0,1.0,1.0,"{'corrected': 1000, 'detected': 0, 'undetected': 0}"
ExtendedHammingECC,32,random,1000,504,496,0,3.8681983947753906e-05,4.050803184509277e-05,7.919001579284668e-05,0.8421052631578947,0.1875,0.504,1.0,1.0,"{'corrected': 504, 'detected': 496, 'undetected': 0}"
ExtendedHammingECC,32,single,1000,0,1000,0,4.1556119918823244e-05,4.288578033447266e-05,8.44419002532959e-05,0.8648648648648649,0.15625,0.0,1.0,1.0,"{'corrected': 0, 'detected': 1000, 'undetected': 0}"
ExtendedHammingECC,4,burst,1000,0,1000,0,5.112648010253906e-06,5.99050521850586e-06,1.1103153228759766e-05,0.5,1.0,0.0,1.0,1.0,"{'corrected': 0, 'detected': 1000, 'undetected': 0}"
ExtendedHammingECC,4,double,1000,1000,0,0,7.3091983795166016e-06,8.283376693725586e-06,1.559257507324219e-05,0.6666666666666666,0.5,1.0,1.0,1.0,"{'corrected': 1000, 'detected': 0, 'undetected': 0}"
ExtendedHammingECC,4,random,1000,599,401,0,7.706403732299805e-06,9.29093360900879e-06,1.6997337341308594e-05,0.8,0.25,0.599,1.0,1.0,"{'corrected': 599, 'detected': 401, 'undetected': 0}"
ExtendedHammingECC,4,single,1000,0,1000,0,4.951238632202148e-06,5.768299102783203e-06,1.0719537734985351e-05,0.5,1.0,0.0,1.0,1.0,"{'corrected': 0, 'detected': 1000, 'undetected': 0}"
ExtendedHammingECC,8,burst,1000,0,1000,0,1.4941692352294922e-05,1.6996860504150392e-05,3.1938552856445314e-05,0.6666666666666666,0.5,0.0,1.0,1.0,"{'corrected': 0, 'detected': 1000, 'undetected': 0}"
ExtendedHammingECC,8,double,1000,1000,0,0,1.4591455459594727e-05,1.713132858276367e-05,3.17227840423584e-05,0.7272727272727273,0.375,1.0,1.0,1.0,"{'corrected': 1000, 'detected': 0, 'undetected': 0}"
ExtendedHammingECC,8,random,1000,545,455,0,1.3835430145263672e-05,1.509857177734375e-05,2.8934001922607423e-05,0.6153846153846154,0.625,0.545,1.0,1.0,"{'corrected': 545, 'detected': 455, 'undetected': 0}"
ExtendedHammingECC,8,single,1000,0,1000,0,1.4162063598632812e-05,1.7577409744262694e-05,3.173947334289551e-05,0.6666666666666666,0.5,0.0,1.0,1.0,"{'corrected': 0, 'detected': 1000, 'undetected': 0}"
GolayECC,16,burst,1000,1000,0,0,2.510547637939453e-07,2.5057792663574217e-07,5.016326904296875e-07,0.6666666666666666,0.5,1.0,1.0,1.0,"{'corrected': 1000, 'detected': 0, 'undetected': 0}"
GolayECC,16,double,1000,1000,0,0,2.553462982177734e-07,2.639293670654297e-07,5.192756652832031e-07,0.7272727272727273,0.375,1.0,1.0,1.0,"{'corrected': 1000, 'detected': 0, 'undetected': 0}"
GolayECC,16,random,1000,1000,0,0,2.458095550537109e-07,2.5057792663574217e-07,4.963874816894531e-07,0.6666666666666666,0.5,1.0,1.0,1.0,"{'corrected': 1000, 'detected': 0, 'undetected': 0}"
GolayECC,16,single,1000,1000,0,0,2.758502960205078e-07,2.551078796386719e-07,5.309581756591798e-07,0.6666666666666666,0.5,1.0,1.0,1.0,"{'corrected': 1000, 'detected': 0, 'undetected': 0}"
GolayECC,32,burst,1000,1000,0,0,2.3126602172851562e-07,2.562999725341797e-07,4.875659942626953e-07,0.8,0.25,1.0,1.0,1.0,"{'corrected': 1000, 'detected': 0, 'undetected': 0}"
GolayECC,32,double,1000,1000,0,0,2.200603485107422e-07,2.4509429931640626e-07,4.6515464782714845e-07,0.8421052631578947,0.1875,1.0,1.0,1.0,"{'corrected': 1000, 'detected': 0, 'undetected': 0}"
GolayECC,32,random,1000,1000,0,0,2.6226043701171877e-07,2.8705596923828124e-07,5.493164062500001e-07,0.8421052631578947,0.1875,1.0,1.0,1.0,"{'corrected': 1000, 'detected': 0, 'undetected': 0}"
GolayECC,32,single,1000,1000,0,0,2.4485588073730467e-07,2.3508071899414062e-07,4.799365997314453e-07,0.8421052631578947,0.1875,1.0,1.0,1.0,"{'corrected': 1000, 'detected': 0, 'undetected': 0}"
GolayECC,4,burst,1000,1000,0,0,2.887248992919922e-07,3.0922889709472655e-07,5.979537963867188e-07,0.3333333333333333,2.0,1.0,1.0,1.0,"{'corrected': 1000, 'detected': 0, 'undetected': 0}"
GolayECC,4,double,1000,1000,0,0,2.665519714355469e-07,2.8538703918457033e-07,5.519390106201173e-07,0.36363636363636365,1.75,1.0,1.0,1.0,"{'corrected': 1000, 'detected': 0, 'undetected': 0}"
GolayECC,4,random,1000,1000,0,0,2.586841583251953e-07,2.7441978454589844e-07,5.331039428710937e-07,0.36363636363636365,1.75,1.0,1.0,1.0,"{'corrected': 1000, 'detected': 0, 'undetected': 0}"
GolayECC,4,single,1000,1000,0,0,2.3365020751953125e-07,2.4867057800292967e-07,4.823207855224609e-07,0.3333333333333333,2.0,1.0,1.0,1.0,"{'corrected': 1000, 'detected': 0, 'undetected': 0}"
GolayECC,8,burst,1000,1000,0,0,2.419948577880859e-07,2.682209014892578e-07,5.102157592773437e-07,0.5714285714285714,0.75,1.0,1.0,1.0,"{'corrected': 1000, 'detected': 0, 'undetected': 0}"
GolayECC,8,double,1000,1000,0,0,2.1648406982421876e-07,2.4127960205078125e-07,4.57763671875e-07,0.5,1.0,1.0,1.0,1.0,"{'corrected': 1000, 'detected': 0, 'undetected': 0}"
GolayECC,8,random,1000,1000,0,0,2.3221969604492187e-07,2.553462982177734e-07,4.875659942626953e-07,0.6153846153846154,0.625,1.0,1.0,1.0,"{'corrected': 1000, 'detected': 0, 'undetected': 0}"
GolayECC,8,single,1000,1000,0,0,2.567768096923828e-07,2.732276916503906e-07,5.300045013427734e-07,0.5714285714285714,0.75,1.0,1.0,1.0,"{'corrected': 1000, 'detected': 0, 'undetected': 0}"
HammingSECDEDECC,16,burst,1000,1000,0,0,1.7820119857788085e-05,1.8793582916259764e-05,3.661370277404785e-05,0.8421052631578947,0.1875,1.0,1.0,1.0,"{'corrected': 1000, 'detected': 0, 'undetected': 0}"
HammingSECDEDECC,16,double,1000,755,245,0,1.57465934753418e-05,1.653122901916504e-05,3.227782249450684e-05,0.7619047619047619,0.3125,0.755,1.0,1.0,"{'corrected': 755, 'detected': 245, 'undetected': 0}"
HammingSECDEDECC,16,random,1000,825,175,0,1.9123554229736327e-05,1.987791061401367e-05,3.900146484375e-05,0.8421052631578947,0.1875,0.825,1.0,1.0,"{'corrected': 825, 'detected': 175, 'undetected': 0}"
HammingSECDEDECC,16,single,1000,1000,0,0,1.673603057861328e-05,1.7768144607543947e-05,3.450417518615723e-05,0.8888888888888888,0.125,1.0,1.0,1.0,"{'corrected': 1000, 'detected': 0, 'undetected': 0}"
HammingSECDEDECC,32,burst,1000,985,15,0,3.838896751403808e-05,4.044103622436524e-05,7.883000373840332e-05,0.8888888888888888,0.125,0.985,1.0,1.0,"{'corrected': 985, 'detected': 15, 'undetected': 0}"
HammingSECDEDECC,32,double,1000,786,214,0,3.985595703125e-05,4.078459739685058e-05,8.064055442810058e-05,0.8421052631578947,0.1875,0.786,1.0,1.0,"{'corrected': 786, 'detected': 214, 'undetected': 0}"
HammingSECDEDECC,32,random,1000,696,304,0,4.4007062911987307e-05,4.623508453369141e-05,9.024214744567872e-05,0.8421052631578947,0.1875,0.696,1.0,1.0,"{'corrected': 696, 'detected': 304, 'undetected': 0}"
HammingSECDEDECC,32,single,1000,1000,0,0,4.0462017059326174e-05,4.188680648803711e-05,8.234882354736328e-05,0.8648648648648649,0.15625,1.0,1.0,1.0,"{'corrected': 1000, 'detected': 0, 'undetected': 0}"
HammingSECDEDECC,4,burst,1000,1000,0,0,5.2335262298583986e-06,5.485296249389649e-06,1.0718822479248046e-05,0.5714285714285714,0.75,1.0,1.0,1.0,"{'corrected': 1000, 'detected': 0, 'undetected': 0}"
HammingSECDEDECC,4,double,1000,1000,0,0,5.586385726928711e-06,5.767583847045898e-06,1.135396957397461e-05,0.8,0.25,1.0,1.0,1.0,"{'corrected': 1000, 'detected': 0, 'undetected': 0}"
HammingSECDEDECC,4,random,1000,1000,0,0,5.661487579345703e-06,6.06989860534668e-06,1.1731386184692382e-05,0.5714285714285714,0.75,1.0,1.0,1.0,"{'corrected': 1000, 'detected': 0, 'undetected': 0}"
HammingSECDEDECC,4,single,1000,1000,0,0,4.516363143920899e-06,4.826068878173828e-06,9.342432022094727e-06,0.5714285714285714,0.75,1.0,1.0,1.0,"{'corrected': 1000, 'detected': 0, 'undetected': 0}"
HammingSECDEDECC,8,burst,1000,953,47,0,9.740829467773438e-06,1.0143280029296874e-05,1.9884109497070314e-05,0.8,0.25,0.953,1.0,1.0,"{'corrected': 953, 'detected': 47, 'undetected': 0}"
HammingSECDEDECC,8,double,1000,810,190,0,1.0408639907836913e-05,1.1227130889892579e-05,2.1635770797729492e-05,0.6666666666666666,0.5,0.81,1.0,1.0,"{'corrected': 810, 'detected': 190, 'undetected': 0}"
HammingSECDEDECC,8,random,1000,921,79,0,9.002208709716798e-06,9.26375389099121e-06,1.8265962600708008e-05,0.6666666666666666,0.5,0.921,1.0,1.0,"{'corrected': 921, 'detected': 79, 'undetected': 0}"
HammingSECDEDECC,8,single,1000,1000,0,0,1.038217544555664e-05,1.1757373809814453e-05,2.2139549255371094e-05,0.6666666666666666,0.5,1.0,1.0,1.0,"{'corrected': 1000, 'detected': 0, 'undetected': 0}"
LDPCECC,16,burst,1000,1000,0,0,6.437301635742188e-07,3.4856796264648437e-07,9.922981262207031e-07,0.6666666666666666,0.5,1.0,1.0,1.0,"{'corrected': 1000, 'detected': 0, 'undetected': 0}"
LDPCECC,16,double,1000,1000,0,0,3.9196014404296873e-07,2.7251243591308594e-07,6.644725799560547e-07,0.6956521739130435,0.4375,1.0,1.0,1.0,"{'corrected': 1000, 'detected': 0, 'undetected': 0}"
LDPCECC,16,random,1000,1000,0,0,5.1116943359375e-07,3.514289855957031e-07,8.625984191894532e-07,0.6666666666666666,0.5,1.0,1.0,1.0,"{'corrected': 1000, 'detected': 0, 'undetected': 0}"
LDPCECC,16,single,1000,1000,0,0,3.516674041748047e-07,3.108978271484375e-07,6.625652313232422e-07,0.6956521739130435,0.4375,1.0,1.0,1.0,"{'corrected': 1000, 'detected': 0, 'undetected': 0}"
LDPCECC,32,burst,1000,1000,0,0,4.177093505859375e-07,3.0159950256347654e-07,7.19308853149414e-07,1.3333333333333333,-0.25,1.0,1.0,1.0,"{'corrected': 1000, 'detected': 0, 'undetected': 0}"
LDPCECC,32,double,1000,1000,0,0,4.2009353637695313e-07,2.918243408203125e-07,7.119178771972656e-07,1.391304347826087,-0.28125,1.0,1.0,1.0,"{'corrected': 1000, 'detected': 0, 'undetected': 0}"
LDPCECC,32,random,1000,1000,0,0,3.814697265625e-07,2.5725364685058593e-07,6.38723373413086e-07,1.4545454545454546,-0.3125,1.0,1.0,1.0,"{'corrected': 1000, 'detected': 0, 'undetected': 0}"
LDPCECC,32,single,1000,1000,0,0,3.561973571777344e-07,2.6559829711914065e-07,6.21795654296875e-07,1.3333333333333333,-0.25,1.0,1.0,1.0,"{'corrected': 1000, 'detected': 0, 'undetected': 0}"
LDPCECC,4,burst,1000,1000,0,0,5.211830139160156e-07,4.78982925415039e-07,1.0001659393310548e-06,0.3333333333333333,2.0,1.0,1.0,1.0,"{'corrected': 1000, 'detected': 0, 'undetected': 0}"
LDPCECC,4,double,1000,1000,0,0,6.058216094970703e-07,3.771781921386719e-07,9.829998016357422e-07,0.3333333333333333,2.0,1.0,1.0,1.0,"{'corrected': 1000, 'detected': 0, 'undetected': 0}"
LDPCECC,4,random,1000,1000,0,0,5.056858062744141e-07,3.597736358642578e-07,8.654594421386718e-07,0.36363636363636365,1.75,1.0,1.0,1.0,"{'corrected': 1000, 'detected': 0, 'undetected': 0}"
LDPCECC,4,single,1000,1000,0,0,4.124641418457031e-07,3.2210350036621093e-07,7.345676422119141e-07,0.3333333333333333,2.0,1.0,1.0,1.0,"{'corrected': 1000, 'detected': 0, 'undetected': 0}"
LDPCECC,8,burst,1000,1000,0,0,4.067420959472656e-07,3.0350685119628904e-07,7.102489471435547e-07,0.5333333333333333,0.875,1.0,1.0,1.0,"{'corrected': 1000, 'detected': 0, 'undetected': 0}"
LDPCECC,8,double,1000,1000,0,0,5.056858062744141e-07,3.514289855957031e-07,8.571147918701171e-07,0.5,1.0,1.0,1.0,1.0,"{'corrected': 1000, 'detected': 0, 'undetected': 0}"
LDPCECC,8,random,1000,1000,0,0,4.582405090332031e-07,3.495216369628906e-07,8.077621459960937e-07,0.5333333333333333,0.875,1.0,1.0,1.0,"{'corrected': 1000, 'detected': 0, 'undetected': 0}"
LDPCECC,8,single,1000,1000,0,0,5.128383636474609e-07,3.895759582519531e-07,9.02414321899414e-07,0.5,1.0,1.0,1.0,1.0,"{'corrected': 1000, 'detected': 0, 'undetected': 0}"
NonBinaryLDPCECC,16,burst,1000,0,1000,0,4.13055419921875e-05,0.0011843690872192383,0.0012256746292114257,0.5333333333333333,0.875,0.0,1.0,1.0,"{'corrected': 0, 'detected': 1000, 'undetected': 0}"
NonBinaryLDPCECC,16,double,1000,131,869,0,3.363347053527832e-05,0.0008502969741821289,0.0008839304447174072,0.5,1.0,0.131,1.0,1.0,"{'corrected': 131, 'detected': 869, 'undetected': 0}"
NonBinaryLDPCECC,16,random,1000,293,707,0,3.956913948059082e-05,0.0009050960540771484,0.0009446651935577393,1.0666666666666667,-0.0625,0.293,1.0,1.0,"{'corrected': 293, 'detected': 707, 'undetected': 0}"
NonBinaryLDPCECC,16,single,1000,1000,0,0,3.288674354553223e-05,0.00038618659973144534,0.00041907334327697754,1.0,0.0,1.0,1.0,1.0,"{'corrected': 1000, 'detected': 0, 'undetected': 0}"
NonBinaryLDPCECC,32,burst,1000,0,1000,0,0.00013419580459594725,0.008069483041763305,0.008203678846359252,0.5079365079365079,0.96875,0.0,1.0,1.0,"{'corrected': 0, 'detected': 1000, 'undetected': 0}"
NonBinaryLDPCECC,32,double,1000,115,885,0,0.00013764357566833495,0.007311751842498779,0.007449395418167114,0.5,1.0,0.115,1.0,1.0,"{'corrected': 115, 'detected': 885, 'undetected': 0}"
NonBinaryLDPCECC,32,random,1000,138,862,0,0.0001328437328338623,0.007183652400970459,0.007316496133804321,0.5,1.0,0.138,1.0,1.0,"{'corrected': 138, 'detected': 862, 'undetected': 0}"
NonBinaryLDPCECC,32,single,1000,1000,0,0,0.00013972973823547362,0.002962512969970703,0.0031022427082061767,0.5,1.0,1.0,1.0,1.0,"{'corrected': 1000, 'detected': 0, 'undetected': 0}"
NonBinaryLDPCECC,4,burst,1000,64,936,0,4.649400711059571e-06,3.0546665191650394e-05,3.5196065902709965e-05,0.5,1.0,0.064,1.0,1.0,"{'corrected': 64, 'detected': 936, 'undetected': 0}"
NonBinaryLDPCECC,4,double,1000,403,597,0,4.586696624755859e-06,2.1452665328979492e-05,2.603936195373535e-05,0.5,1.0,0.403,1.0,1.0,"{'corrected': 403, 'detected': 597, 'undetected': 0}"
NonBinaryLDPCECC,4,random,1000,901,99,0,4.443645477294922e-06,1.035451889038086e-05,1.479816436767578e-05,0.5,1.0,0.901,1.0,1.0,"{'corrected': 901, 'detected': 99, 'undetected': 0}"
NonBinaryLDPCECC,4,single,1000,1000,0,0,4.305124282836914e-06,1.1535406112670899e-05,1.5840530395507812e-05,0.5,1.0,1.0,1.0,1.0,"{'corrected': 1000, 'detected': 0, 'undetected': 0}"
NonBinaryLDPCECC,8,burst,1000,3,997,0,1.0159730911254883e-05,0.0001392819881439209,0.0001494417190551758,1.6,-0.375,0.003,1.0,1.0,"{'corrected': 3, 'detected': 997, 'undetected': 0}"
NonBinaryLDPCECC,8,double,1000,176,824,0,9.946107864379883e-06,0.00011876034736633301,0.0001287064552307129,0.5333333333333333,0.875,0.176,1.0,1.0,"{'corrected': 176, 'detected': 824, 'undetected': 0}"
NonBinaryLDPCECC,8,random,1000,620,380,0,1.1928796768188477e-05,9.429693222045898e-05,0.00010622572898864746,0.5,1.0,0.62,1.0,1.0,"{'corrected': 620, 'detected': 380, 'undetected': 0}"
NonBinaryLDPCECC,8,single,1000,1000,0,0,1.1070013046264648e-05,6.850790977478028e-05,7.957792282104492e-05,0.5714285714285714,0.75,1.0,1.0,1.0,"{'corrected': 1000, 'detected': 0, 'undetected': 0}"
ParityECC,16,burst,1000,0,1000,0,2.4018287658691406e-06,2.583980560302734e-06,4.985809326171875e-06,0.9411764705882353,0.0625,0.0,1.0,1.0,"{'corrected': 0, 'detected': 1000, 'undetected': 0}"
ParityECC,16,double,1000,1000,0,0,3.361940383911133e-06,3.215312957763672e-06,6.5772533416748055e-06,1.0,0.0,1.0,1.0,1.0,"{'corrected': 1000, 'detected': 0, 'undetected': 0}"
ParityECC,16,random,1000,517,483,0,4.946470260620117e-06,5.128860473632813e-06,1.007533073425293e-05,1.0,0.0,0.517,1.0,1.0,"{'corrected': 517, 'detected': 483, 'undetected': 0}"
ParityECC,16,single,1000,0,1000,0,2.69627571105957e-06,2.2988319396972655e-06,4.995107650756836e-06,1.0666666666666667,-0.0625,0.0,1.0,1.0,"{'corrected': 0, 'detected': 1000, 'undetected': 0}"
ParityECC,32,burst,1000,0,1000,0,4.193782806396484e-06,3.5126209259033204e-06,7.706403732299805e-06,0.9696969696969697,0.03125,0.0,1.0,1.0,"{'corrected': 0, 'detected': 1000, 'undetected': 0}"
ParityECC,32,double,1000,1000,0,0,3.8075447082519533e-06,3.6089420318603517e-06,7.4164867401123045e-06,1.0,0.0,1.0,1.0,1.0,"{'corrected': 1000, 'detected': 0, 'undetected': 0}"
ParityECC,32,random,1000,529,471,0,4.0657520294189455e-06,4.590511322021485e-06,8.65626335144043e-06,0.9696969696969697,0.03125,0.529,1.0,1.0,"{'corrected': 529, 'detected': 471, 'undetected': 0}"
ParityECC,32,single,1000,0,1000,0,3.7703514099121094e-06,3.6962032318115235e-06,7.466554641723633e-06,1.0666666666666667,-0.0625,0.0,1.0,1.0,"{'corrected': 0, 'detected': 1000, 'undetected': 0}"
ParityECC,4,burst,1000,64,936,0,3.4353733062744142e-06,3.5808086395263672e-06,7.0161819458007814e-06,1.0,0.0,0.064,1.0,1.0,"{'corrected': 64, 'detected': 936, 'undetected': 0}"
ParityECC,4,double,1000,1000,0,0,1.054525375366211e-06,1.0623931884765626e-06,2.1169185638427738e-06,1.3333333333333333,-0.25,1.0,1.0,1.0,"{'corrected': 1000, 'detected': 0, 'undetected': 0}"
ParityECC,4,random,1000,698,302,0,1.1203289031982422e-06,1.375436782836914e-06,2.4957656860351562e-06,0.8,0.25,0.698,1.0,1.0,"{'corrected': 698, 'detected': 302, 'undetected': 0}"
ParityECC,4,single,1000,0,1000,0,1.0213851928710937e-06,9.820461273193359e-07,2.0034313201904294e-06,1.0,0.0,0.0,1.0,1.0,"{'corrected': 0, 'detected': 1000, 'undetected': 0}"
ParityECC,8,burst,1000,5,995,0,3.028392791748047e-06,2.8731822967529297e-06,5.901575088500977e-06,0.8888888888888888,0.125,0.005,1.0,1.0,"{'corrected': 5, 'detected': 995, 'undetected': 0}"
ParityECC,8,double,1000,1000,0,0,1.38092041015625e-06,1.3666152954101563e-06,2.7475357055664065e-06,0.8888888888888888,0.125,1.0,1.0,1.0,"{'corrected': 1000, 'detected': 0, 'undetected': 0}"
ParityECC,8,random,1000,606,394,0,1.3532638549804688e-06,1.3477802276611327e-06,2.7010440826416017e-06,1.0,0.0,0.606,1.0,1.0,"{'corrected': 606, 'detected': 394, 'undetected': 0}"
ParityECC,8,single,1000,0,1000,0,1.5065670013427734e-06,1.5010833740234376e-06,3.007650375366211e-06,1.0,0.0,0.0,1.0,1.0,"{'corrected': 0, 'detected': 1000, 'undetected': 0}"
PolarECC,16,burst,1000,1000,0,0,8.275508880615235e-07,7.536411285400391e-07,1.5811920166015624e-06,0.6666666666666666,0.5,1.0,1.0,1.0,"{'corrected': 1000, 'detected': 0, 'undetected': 0}"
PolarECC,16,double,1000,1000,0,0,5.583763122558594e-07,6.961822509765625e-07,1.254558563232422e-06,0.6666666666666666,0.5,1.0,1.0,1.0,"{'corrected': 1000, 'detected': 0, 'undetected': 0}"
PolarECC,16,random,1000,1000,0,0,3.1685829162597655e-07,3.31878662109375e-07,6.487369537353516e-07,0.7272727272727273,0.375,1.0,1.0,1.0,"{'corrected': 1000, 'detected': 0, 'undetected': 0}"
PolarECC,16,single,1000,1000,0,0,3.216266632080078e-07,3.826618194580078e-07,7.042884826660156e-07,0.7272727272727273,0.375,1.0,1.0,1.0,"{'corrected': 1000, 'detected': 0, 'undetected': 0}"
PolarECC,32,burst,1000,1000,0,0,4.086494445800781e-07,3.6883354187011717e-07,7.774829864501953e-07,1.3333333333333333,-0.25,1.0,1.0,1.0,"{'corrected': 1000, 'detected': 0, 'undetected': 0}"
PolarECC,32,double,1000,1000,0,0,3.4809112548828124e-07,3.4236907958984374e-07,6.90460205078125e-07,1.3333333333333333,-0.25,1.0,1.0,1.0,"{'corrected': 1000, 'detected': 0, 'undetected': 0}"
PolarECC,32,random,1000,1000,0,0,3.7598609924316405e-07,3.948211669921875e-07,7.708072662353515e-07,1.3333333333333333,-0.25,1.0,1.0,1.0,"{'corrected': 1000, 'detected': 0, 'undetected': 0}"
PolarECC,32,single,1000,1000,0,0,3.807544708251953e-07,4.0030479431152345e-07,7.810592651367187e-07,1.3333333333333333,-0.25,1.0,1.0,1.0,"{'corrected': 1000, 'detected': 0, 'undetected': 0}"
PolarECC,4,burst,1000,1000,0,0,3.6311149597167967e-07,3.952980041503906e-07,7.584095001220703e-07,0.4444444444444444,1.25,1.0,1.0,1.0,"{'corrected': 1000, 'detected': 0, 'undetected': 0}"
PolarECC,4,double,1000,1000,0,0,5.590915679931641e-07,5.693435668945312e-07,1.1284351348876954e-06,0.3333333333333333,2.0,1.0,1.0,1.0,"{'corrected': 1000, 'detected': 0, 'undetected': 0}"
PolarECC,4,random,1000,1000,0,0,3.77655029296875e-07,3.921985626220703e-07,7.698535919189453e-07,0.3333333333333333,2.0,1.0,1.0,1.0,"{'corrected': 1000, 'detected': 0, 'undetected': 0}"
PolarECC,4,single,1000,1000,0,0,3.306865692138672e-07,3.662109375e-07,6.968975067138672e-07,0.3333333333333333,2.0,1.0,1.0,1.0,"{'corrected': 1000, 'detected': 0, 'undetected': 0}"
PolarECC,8,burst,1000,1000,0,0,3.5047531127929687e-07,4.284381866455078e-07,7.789134979248047e-07,0.5,1.0,1.0,1.0,1.0,"{'corrected': 1000, 'detected': 0, 'undetected': 0}"
PolarECC,8,double,1000,1000,0,0,4.401206970214844e-07,4.7421455383300784e-07,9.143352508544922e-07,0.5333333333333333,0.875,1.0,1.0,1.0,"{'corrected': 1000, 'detected': 0, 'undetected': 0}"
PolarECC,8,random,1000,1000,0,0,4.1508674621582034e-07,4.906654357910156e-07,9.057521820068359e-07,0.5,1.0,1.0,1.0,1.0,"{'corrected': 1000, 'detected': 0, 'undetected': 0}"
PolarECC,8,single,1000,1000,0,0,3.714561462402344e-07,3.6334991455078126e-07,7.348060607910156e-07,0.5333333333333333,0.875,1.0,1.0,1.0,"{'corrected': 1000, 'detected': 0, 'undetected': 0}"
PrimarySecondaryECC,16,burst,1000,609,391,0,3.3806800842285154e-05,0.00044060373306274416,0.0004744105339050293,0.5,1.0,0.609,1.0,1.0,"{'corrected': 609, 'detected': 391, 'undetected': 0}"
PrimarySecondaryECC,16,double,1000,244,756,0,3.243827819824219e-05,0.0007305610179901123,0.0007629992961883545,0.5,1.0,0.244,1.0,1.0,"{'corrected': 244, 'detected': 756, 'undetected': 0}"
PrimarySecondaryECC,16,random,1000,403,597,0,3.226327896118164e-05,0.0006544198989868164,0.000686683177947998,0.5161290322580645,0.9375,0.403,1.0,1.0,"{'corrected': 403, 'detected': 597, 'undetected': 0}"
PrimarySecondaryECC,16,single,1000,1000,0,0,3.436756134033203e-05,0.0003468639850616455,0.00038123154640197753,0.5,1.0,1.0,1.0,1.0,"{'corrected': 1000, 'detected': 0, 'undetected': 0}"
PrimarySecondaryECC,32,burst,1000,657,343,0,0.0001210484504699707,0.002749584913253784,0.0028706333637237547,1.1428571428571428,-0.125,0.657,1.0,1.0,"{'corrected': 657, 'detected': 343, 'undetected': 0}"
PrimarySecondaryECC,32,double,1000,211,789,0,0.00011246562004089355,0.005445628404617309,0.005558094024658203,0.5,1.0,0.211,1.0,1.0,"{'corrected': 211, 'detected': 789, 'undetected': 0}"
PrimarySecondaryECC,32,random,1000,230,770,0,0.00011229944229125976,0.005465989351272583,0.005578288793563843,0.5,1.0,0.23,1.0,1.0,"{'corrected': 230, 'detected': 770, 'undetected': 0}"
PrimarySecondaryECC,32,single,1000,1000,0,0,0.00012230443954467773,0.0021736745834350585,0.0022959790229797362,0.5,1.0,1.0,1.0,1.0,"{'corrected': 1000, 'detected': 0, 'undetected': 0}"
PrimarySecondaryECC,4,burst,1000,532,468,0,6.143808364868164e-06,2.6288032531738282e-05,3.2431840896606444e-05,1.3333333333333333,-0.25,0.532,1.0,1.0,"{'corrected': 532, 'detected': 468, 'undetected': 0}"
PrimarySecondaryECC,4,double,1000,531,469,0,5.8228969573974605e-06,2.558016777038574e-05,3.14030647277832e-05,0.5,1.0,0.531,1.0,1.0,"{'corrected': 531, 'detected': 469, 'undetected': 0}"
PrimarySecondaryECC,4,random,1000,914,86,0,5.4302215576171875e-06,1.3823032379150391e-05,1.925325393676758e-05,0.5,1.0,0.914,1.0,1.0,"{'corrected': 914, 'detected': 86, 'undetected': 0}"
PrimarySecondaryECC,4,single,1000,1000,0,0,5.1293373107910155e-06,1.798534393310547e-05,2.3114681243896485e-05,0.5714285714285714,0.75,1.0,1.0,1.0,"{'corrected': 1000, 'detected': 0, 'undetected': 0}"
PrimarySecondaryECC,8,burst,1000,581,419,0,1.3406753540039062e-05,9.119272232055664e-05,0.0001045994758605957,0.5,1.0,0.581,1.0,1.0,"{'corrected': 581, 'detected': 419, 'undetected': 0}"
PrimarySecondaryECC,8,double,1000,274,726,0,1.2263059616088868e-05,0.00012381911277770997,0.00013608217239379882,1.1428571428571428,-0.125,0.274,1.0,1.0,"{'corrected': 274, 'detected': 726, 'undetected': 0}"
PrimarySecondaryECC,8,random,1000,668,332,0,1.3082981109619141e-05,9.442138671875e-05,0.00010750436782836914,0.5333333333333333,0.875,0.668,1.0,1.0,"{'corrected': 668, 'detected': 332, 'undetected': 0}"
PrimarySecondaryECC,8,single,1000,1000,0,0,1.3253927230834961e-05,7.073640823364258e-05,8.399033546447754e-05,0.5,1.0,1.0,1.0,1.0,"{'corrected': 1000, 'detected': 0, 'undetected': 0}"
ProductCodeECC,16,burst,1000,539,461,0,2.703857421875e-05,3.1056165695190426e-05,5.809473991394042e-05,0.42105263157894735,1.375,0.539,1.0,1.0,"{'corrected': 539, 'detected': 461, 'undetected': 0}"
ProductCodeECC,16,double,1000,396,604,0,3.211808204650879e-05,3.714704513549805e-05,6.926512718200684e-05,0.41025641025641024,1.4375,0.396,1.0,1.0,"{'corrected': 396, 'detected': 604, 'undetected': 0}"
ProductCodeECC,16,random,1000,295,705,0,2.3093461990356446e-05,2.634596824645996e-05,4.943943023681641e-05,0.38095238095238093,1.625,0.295,1.0,1.0,"{'corrected': 295, 'detected': 705, 'undetected': 0}"
ProductCodeECC,16,single,1000,583,417,0,3.270435333251953e-05,3.72316837310791e-05,6.993603706359863e-05,0.38095238095238093,1.625,0.583,1.0,1.0,"{'corrected': 583, 'detected': 417, 'undetected': 0}"
ProductCodeECC,32,burst,1000,255,745,0,5.411362648010254e-05,5.957722663879394e-05,0.00011369085311889648,0.47761194029850745,1.09375,0.255,1.0,1.0,"{'corrected': 255, 'detected': 745, 'undetected': 0}"
ProductCodeECC,32,double,1000,260,740,0,5.489778518676758e-05,6.0982704162597657e-05,0.00011588048934936524,0.48484848484848486,1.0625,0.26,1.0,1.0,"{'corrected': 260, 'detected': 740, 'undetected': 0}"
ProductCodeECC,32,random,1000,168,832,0,5.319571495056152e-05,5.884623527526855e-05,0.00011204195022583008,0.47058823529411764,1.125,0.168,1.0,1.0,"{'corrected': 168, 'detected': 832, 'undetected': 0}"
ProductCodeECC,32,single,1000,270,730,0,5.617499351501465e-05,6.10642433166504e-05,0.00011723923683166504,0.47761194029850745,1.09375,0.27,1.0,1.0,"{'corrected': 270, 'detected': 730, 'undetected': 0}"
ProductCodeECC,4,burst,1000,831,169,0,1.6707181930541993e-05,2.0828723907470702e-05,3.75359058380127e-05,0.15384615384615385,5.5,0.831,1.0,1.0,"{'corrected': 831, 'detected': 169, 'undetected': 0}"
ProductCodeECC,4,double,1000,687,313,0,1.5129327774047852e-05,1.8014907836914063e-05,3.314423561096191e-05,0.15384615384615385,5.5,0.687,1.0,1.0,"{'corrected': 687, 'detected': 313, 'undetected': 0}"
ProductCodeECC,4,random,1000,649,351,0,1.295781135559082e-05,1.5019893646240234e-05,2.7977705001831053e-05,0.16,5.25,0.649,1.0,1.0,"{'corrected': 649, 'detected': 351, 'undetected': 0}"
ProductCodeECC,4,single,1000,807,193,0,1.4427423477172851e-05,1.777338981628418e-05,3.220081329345703e-05,0.16,5.25,0.807,1.0,1.0,"{'corrected': 807, 'detected': 193, 'undetected': 0}"
ProductCodeECC,8,burst,1000,668,332,0,1.3482093811035157e-05,1.5914201736450194e-05,2.939629554748535e-05,0.2962962962962963,2.375,0.668,1.0,1.0,"{'corrected': 668, 'detected': 332, 'undetected': 0}"
ProductCodeECC,8,double,1000,505,495,0,1.8310546875e-05,2.1868467330932617e-05,4.0179014205932616e-05,0.3076923076923077,2.25,0.505,1.0,1.0,"{'corrected': 505, 'detected': 495, 'undetected': 0}"
ProductCodeECC,8,random,1000,498,502,0,1.3082265853881836e-05,1.5535593032836914e-05,2.8617858886718753e-05,0.2857142857142857,2.5,0.498,1.0,1.0,"{'corrected': 498, 'detected': 502, 'undetected': 0}"
ProductCodeECC,8,single,1000,693,307,0,1.5704154968261718e-05,1.9234418869018554e-05,3.4938573837280275e-05,0.2857142857142857,2.5,0.693,1.0,1.0,"{'corrected': 693, 'detected': 307, 'undetected': 0}"
RaptorCodeECC,16,burst,1000,1000,0,0,1.5557289123535155e-05,7.360696792602539e-06,2.2917985916137695e-05,1.1428571428571428,-0.125,1.0,1.0,1.0,"{'corrected': 1000, 'detected': 0, 'undetected': 0}"
RaptorCodeECC,16,double,1000,1000,0,0,1.4565229415893555e-05,7.136344909667968e-06,2.1701574325561523e-05,0.5,1.0,1.0,1.0,1.0,"{'corrected': 1000, 'detected': 0, 'undetected': 0}"
RaptorCodeECC,16,random,1000,1000,0,0,1.4476299285888673e-05,7.201194763183594e-06,2.1677494049072265e-05,1.0,0.0,1.0,1.0,1.0,"{'corrected': 1000, 'detected': 0, 'undetected': 0}"
RaptorCodeECC,16,single,1000,1000,0,0,1.7254114151000977e-05,8.035659790039063e-06,2.528977394104004e-05,1.0,0.0,1.0,1.0,1.0,"{'corrected': 1000, 'detected': 0, 'undetected': 0}"
RaptorCodeECC,32,burst,1000,1000,0,0,2.7673959732055662e-05,1.2897253036499023e-05,4.057121276855469e-05,0.5,1.0,1.0,1.0,1.0,"{'corrected': 1000, 'detected': 0, 'undetected': 0}"
RaptorCodeECC,32,double,1000,1000,0,0,2.413153648376465e-05,1.2078523635864258e-05,3.621006011962891e-05,1.0,0.0,1.0,1.0,1.0,"{'corrected': 1000, 'detected': 0, 'undetected': 0}"
RaptorCodeECC,32,random,1000,1000,0,0,2.4268865585327148e-05,1.2276649475097656e-05,3.65455150604248e-05,1.1428571428571428,-0.125,1.0,1.0,1.0,"{'corrected': 1000, 'detected': 0, 'undetected': 0}"
RaptorCodeECC,32,single,1000,1000,0,0,2.775120735168457e-05,1.3471603393554687e-05,4.122281074523926e-05,0.5,1.0,1.0,1.0,1.0,"{'corrected': 1000, 'detected': 0, 'undetected': 0}"
RaptorCodeECC,4,burst,1000,1000,0,0,8.015155792236329e-06,3.2935142517089844e-06,1.1308670043945313e-05,0.5,1.0,1.0,1.0,1.0,"{'corrected': 1000, 'detected': 0, 'undetected': 0}"
RaptorCodeECC,4,double,1000,1000,0,0,5.77545166015625e-06,2.9523372650146482e-06,8.727788925170898e-06,0.5,1.0,1.0,1.0,1.0,"{'corrected': 1000, 'detected': 0, 'undetected': 0}"
RaptorCodeECC,4,random,1000,1000,0,0,6.147384643554687e-06,2.923011779785156e-06,9.070396423339843e-06,0.5,1.0,1.0,1.0,1.0,"{'corrected': 1000, 'detected': 0, 'undetected': 0}"
RaptorCodeECC,4,single,1000,1000,0,0,7.422924041748047e-06,3.3488273620605467e-06,1.0771751403808594e-05,0.5,1.0,1.0,1.0,1.0,"{'corrected': 1000, 'detected': 0, 'undetected': 0}"
RaptorCodeECC,8,burst,1000,1000,0,0,1.1151313781738281e-05,5.147457122802734e-06,1.6298770904541014e-05,1.1428571428571428,-0.125,1.0,1.0,1.0,"{'corrected': 1000, 'detected': 0, 'undetected': 0}"
RaptorCodeECC,8,double,1000,1000,0,0,7.527351379394531e-06,4.008293151855469e-06,1.153564453125e-05,0.5,1.0,1.0,1.0,1.0,"{'corrected': 1000, 'detected': 0, 'undetected': 0}"
RaptorCodeECC,8,random,1000,1000,0,0,9.021282196044922e-06,4.301071166992187e-06,1.332235336303711e-05,1.1428571428571428,-0.125,1.0,1.0,1.0,"{'corrected': 1000, 'detected': 0, 'undetected': 0}"
RaptorCodeECC,8,single,1000,1000,0,0,1.3664960861206054e-05,5.695819854736328e-06,1.9360780715942382e-05,1.3333333333333333,-0.25,1.0,1.0,1.0,"{'corrected': 1000, 'detected': 0, 'undetected': 0}"
ReedMullerECC,16,burst,1000,582,418,0,3.320956230163574e-05,0.00045101165771484377,0.0004842212200164795,0.5,1.0,0.582,1.0,1.0,"{'corrected': 582, 'detected': 418, 'undetected': 0}"
ReedMullerECC,16,double,1000,213,787,0,3.319239616394043e-05,0.0007624883651733399,0.0007956807613372803,0.5,1.0,0.213,1.0,1.0,"{'corrected': 213, 'detected': 787, 'undetected': 0}"
ReedMullerECC,16,random,1000,442,558,0,3.1751632690429685e-05,0.0006001632213592529,0.0006319148540496826,0.5,1.0,0.442,1.0,1.0,"{'corrected': 442, 'detected': 558, 'undetected': 0}"
ReedMullerECC,16,single,1000,1000,0,0,3.398442268371582e-05,0.0003330628871917725,0.0003670473098754883,1.1428571428571428,-0.125,1.0,1.0,1.0,"{'corrected': 1000, 'detected': 0, 'undetected': 0}"
ReedMullerECC,32,burst,1000,628,372,0,0.00013315320014953614,0.00321586275100708,0.0033490159511566165,0.5,1.0,0.628,1.0,1.0,"{'corrected': 628, 'detected': 372, 'undetected': 0}"
ReedMullerECC,32,double,1000,240,760,0,0.00012991809844970704,0.006001174449920654,0.006131092548370362,0.5,1.0,0.24,1.0,1.0,"{'corrected': 240, 'detected': 760, 'undetected': 0}"
ReedMullerECC,32,random,1000,267,733,0,0.00012841105461120606,0.005981157779693604,0.00610956883430481,1.0,0.0,0.267,1.0,1.0,"{'corrected': 267, 'detected': 733, 'undetected': 0}"
ReedMullerECC,32,single,1000,1000,0,0,0.0001319444179534912,0.002527026653289795,0.002658971071243286,0.5079365079365079,0.96875,1.0,1.0,1.0,"{'corrected': 1000, 'detected': 0, 'undetected': 0}"
ReedMullerECC,4,burst,1000,533,467,0,4.779338836669922e-06,1.8059492111206055e-05,2.2838830947875978e-05,1.0,0.0,0.533,1.0,1.0,"{'corrected': 533, 'detected': 467, 'undetected': 0}"
ReedMullerECC,4,double,1000,553,447,0,4.4741630554199215e-06,2.1530389785766603e-05,2.6004552841186523e-05,1.0,0.0,0.553,1.0,1.0,"{'corrected': 553, 'detected': 447, 'undetected': 0}"
ReedMullerECC,4,random,1000,923,77,0,4.398822784423828e-06,1.0830402374267579e-05,1.5229225158691407e-05,0.5,1.0,0.923,1.0,1.0,"{'corrected': 923, 'detected': 77, 'undetected': 0}"
ReedMullerECC,4,single,1000,1000,0,0,4.787921905517578e-06,1.5524864196777344e-05,2.0312786102294924e-05,0.5,1.0,1.0,1.0,1.0,"{'corrected': 1000, 'detected': 0, 'undetected': 0}"
ReedMullerECC,8,burst,1000,595,405,0,1.0215520858764649e-05,7.205581665039062e-05,8.227133750915527e-05,1.0,0.0,0.595,1.0,1.0,"{'corrected': 595, 'detected': 405, 'undetected': 0}"
ReedMullerECC,8,double,1000,258,742,0,1.0711193084716797e-05,0.00011350202560424805,0.00012421321868896486,0.5,1.0,0.258,1.0,1.0,"{'corrected': 258, 'detected': 742, 'undetected': 0}"
ReedMullerECC,8,random,1000,677,323,0,1.0325431823730469e-05,6.990694999694825e-05,8.023238182067871e-05,8.0,-0.875,0.677,1.0,1.0,"{'corrected': 677, 'detected': 323, 'undetected': 0}"
ReedMullerECC,8,single,1000,1000,0,0,1.1298418045043946e-05,5.8661460876464846e-05,6.995987892150879e-05,0.5,1.0,1.0,1.0,1.0,"{'corrected': 1000, 'detected': 0, 'undetected': 0}"
ReedSolomonECC,16,burst,1000,1000,0,0,7.9190731048584e-06,4.576396942138672e-05,5.368304252624512e-05,0.25806451612903225,2.875,1.0,1.0,1.0,"{'corrected': 1000, 'detected': 0, 'undetected': 0}"
ReedSolomonECC,16,double,1000,995,0,5,8.585453033447265e-06,4.6515703201293945e-05,5.510115623474121e-05,0.25,3.0,0.995,0.995,0.995,"{'corrected': 995, 'detected': 0, 'undetected': 5}"
ReedSolomonECC,16,random,1000,993,0,7,8.133411407470702e-06,4.6962022781372073e-05,5.509543418884278e-05,0.25,3.0,0.993,0.993,0.993,"{'corrected': 993, 'detected': 0, 'undetected': 7}"
ReedSolomonECC,16,single,1000,1000,0,0,8.652687072753907e-06,4.873204231262207e-05,5.7384729385375975e-05,0.25,3.0,1.0,1.0,1.0,"{'corrected': 1000, 'detected': 0, 'undetected': 0}"
ReedSolomonECC,32,burst,1000,1000,0,0,8.632183074951173e-06,4.8697948455810545e-05,5.7330131530761714e-05,0.5161290322580645,0.9375,1.0,1.0,1.0,"{'corrected': 1000, 'detected': 0, 'undetected': 0}"
ReedSolomonECC,32,double,1000,996,0,4,8.30078125e-06,4.718422889709473e-05,5.548501014709473e-05,0.5245901639344263,0.90625,0.996,0.996,0.996,"{'corrected': 996, 'detected': 0, 'undetected': 4}"
ReedSolomonECC,32,random,1000,998,0,2,7.704734802246094e-06,4.339742660522461e-05,5.11021614074707e-05,0.5333333333333333,0.875,0.998,0.998,0.998,"{'corrected': 998, 'detected': 0, 'undetected': 2}"
ReedSolomonECC,32,single,1000,999,0,1,8.235692977905273e-06,4.727911949157715e-05,5.551481246948242e-05,0.5,1.0,0.999,0.999,0.999,"{'corrected': 999, 'detected': 0, 'undetected': 1}"
ReedSolomonECC,4,burst,1000,998,0,2,9.595394134521485e-06,5.027198791503906e-05,5.986738204956055e-05,0.06451612903225806,14.5,0.998,0.998,0.998,"{'corrected': 998, 'detected': 0, 'undetected': 2}"
ReedSolomonECC,4,double,1000,937,0,63,9.257078170776367e-06,4.824185371398926e-05,5.7498931884765627e-05,0.0625,15.0,0.937,0.937,0.937,"{'corrected': 937, 'detected': 0, 'undetected': 63}"
ReedSolomonECC,4,random,1000,932,0,68,8.359432220458984e-06,4.373645782470703e-05,5.209589004516601e-05,0.0625,15.0,0.932,0.932,0.932,"{'corrected': 932, 'detected': 0, 'undetected': 68}"
ReedSolomonECC,4,single,1000,997,0,3,8.604526519775391e-06,4.8480987548828124e-05,5.7085514068603515e-05,0.0625,15.0,0.997,0.997,0.997,"{'corrected': 997, 'detected': 0, 'undetected': 3}"
ReedSolomonECC,8,burst,1000,1000,0,0,8.393287658691406e-06,4.7066450119018555e-05,5.545973777770996e-05,0.12903225806451613,6.75,1.0,1.0,1.0,"{'corrected': 1000, 'detected': 0, 'undetected': 0}"
ReedSolomonECC,8,double,1000,996,0,4,8.470296859741211e-06,4.673027992248535e-05,5.520057678222657e-05,0.125,7.0,0.996,0.996,0.996,"{'corrected': 996, 'detected': 0, 'undetected': 4}"
ReedSolomonECC,8,random,1000,997,0,3,8.305788040161134e-06,4.5962810516357424e-05,5.426859855651856e-05,0.125,7.0,0.997,0.997,0.997,"{'corrected': 997, 'detected': 0, 'undetected': 3}"
ReedSolomonECC,8,single,1000,1000,0,0,8.227109909057617e-06,4.6418666839599607e-05,5.4645776748657225e-05,0.12698412698412698,6.875,1.0,1.0,1.0,"{'corrected': 1000, 'detected': 0, 'undetected': 0}"
RepetitionECC,16,burst,1000,1000,0,0,9.869098663330078e-06,1.2528657913208008e-05,2.2397756576538085e-05,0.3333333333333333,2.0,1.0,1.0,1.0,"{'corrected': 1000, 'detected': 0, 'undetected': 0}"
RepetitionECC,16,double,1000,1000,0,0,1.0619401931762695e-05,1.3641357421875e-05,2.4260759353637697e-05,0.35555555555555557,1.8125,1.0,1.0,1.0,"{'corrected': 1000, 'detected': 0, 'undetected': 0}"
RepetitionECC,16,random,1000,1000,0,0,9.585380554199219e-06,1.2368440628051758e-05,2.1953821182250977e-05,0.3333333333333333,2.0,1.0,1.0,1.0,"{'corrected': 1000, 'detected': 0, 'undetected': 0}"
RepetitionECC,16,single,1000,1000,0,0,1.2141942977905273e-05,1.5106201171875e-05,2.7248144149780275e-05,0.41025641025641024,1.4375,1.0,1.0,1.0,"{'corrected': 1000, 'detected': 0, 'undetected': 0}"
RepetitionECC,32,burst,1000,1000,0,0,1.9658803939819336e-05,2.5364875793457032e-05,4.502367973327637e-05,0.3333333333333333,2.0,1.0,1.0,1.0,"{'corrected': 1000, 'detected': 0, 'undetected': 0}"
RepetitionECC,32,double,1000,1000,0,0,1.957821846008301e-05,2.6189565658569335e-05,4.5767784118652343e-05,0.3333333333333333,2.0,1.0,1.0,1.0,"{'corrected': 1000, 'detected': 0, 'undetected': 0}"
RepetitionECC,32,random,1000,1000,0,0,1.8657684326171875e-05,2.4031400680541993e-05,4.2689085006713864e-05,0.3333333333333333,2.0,1.0,1.0,1.0,"{'corrected': 1000, 'detected': 0, 'undetected': 0}"
RepetitionECC,32,single,1000,1000,0,0,1.8853425979614257e-05,2.426719665527344e-05,4.312062263488769e-05,0.34408602150537637,1.90625,1.0,1.0,1.0,"{'corrected': 1000, 'detected': 0, 'undetected': 0}"
RepetitionECC,4,burst,1000,1000,0,0,3.443479537963867e-06,4.043817520141601e-06,7.487297058105468e-06,0.6666666666666666,0.5,1.0,1.0,1.0,"{'corrected': 1000, 'detected': 0, 'undetected': 0}"
RepetitionECC,4,double,1000,1000,0,0,5.697011947631836e-06,7.2836875915527345e-06,1.298069953918457e-05,0.4444444444444444,1.25,1.0,1.0,1.0,"{'corrected': 1000, 'detected': 0, 'undetected': 0}"
RepetitionECC,4,random,1000,1000,0,0,5.530834197998047e-06,7.434606552124023e-06,1.296544075012207e-05,0.4444444444444444,1.25,1.0,1.0,1.0,"{'corrected': 1000, 'detected': 0, 'undetected': 0}"
RepetitionECC,4,single,1000,1000,0,0,5.532979965209961e-06,7.034540176391601e-06,1.2567520141601563e-05,0.3333333333333333,2.0,1.0,1.0,1.0,"{'corrected': 1000, 'detected': 0, 'undetected': 0}"
RepetitionECC,8,burst,1000,1000,0,0,4.7109127044677735e-06,6.06083869934082e-06,1.0771751403808594e-05,0.4444444444444444,1.25,1.0,1.0,1.0,"{'corrected': 1000, 'detected': 0, 'undetected': 0}"
RepetitionECC,8,double,1000,1000,0,0,5.283355712890625e-06,6.8504810333251954e-06,1.213383674621582e-05,0.3333333333333333,2.0,1.0,1.0,1.0,"{'corrected': 1000, 'detected': 0, 'undetected': 0}"
RepetitionECC,8,random,1000,1000,0,0,4.6422481536865235e-06,6.0372352600097654e-06,1.0679483413696289e-05,0.4444444444444444,1.25,1.0,1.0,1.0,"{'corrected': 1000, 'detected': 0, 'undetected': 0}"
RepetitionECC,8,single,1000,1000,0,0,6.624937057495117e-06,8.92162322998047e-06,1.5546560287475584e-05,0.3333333333333333,2.0,1.0,1.0,1.0,"{'corrected': 1000, 'detected': 0, 'undetected': 0}"
SpatiallyCoupledLDPCECC,16,burst,1000,618,382,0,1.750326156616211e-05,0.00013956546783447266,0.00015706872940063476,0.5161290322580645,0.9375,0.618,1.0,1.0,"{'corrected': 618, 'detected': 382, 'undetected': 0}"
SpatiallyCoupledLDPCECC,16,double,1000,217,783,0,1.669597625732422e-05,0.0002296266555786133,0.0002463226318359375,1.0666666666666667,-0.0625,0.217,1.0,1.0,"{'corrected': 217, 'detected': 783, 'undetected': 0}"
SpatiallyCoupledLDPCECC,16,random,1000,422,578,0,1.7634153366088866e-05,0.0002047889232635498,0.00022242307662963866,1.0,0.0,0.422,1.0,1.0,"{'corrected': 422, 'detected': 578, 'undetected': 0}"
SpatiallyCoupledLDPCECC,16,single,1000,1000,0,0,1.5949487686157228e-05,0.0001002964973449707,0.00011624598503112792,0.5161290322580645,0.9375,1.0,1.0,1.0,"{'corrected': 1000, 'detected': 0, 'undetected': 0}"
SpatiallyCoupledLDPCECC,32,burst,1000,613,387,0,2.4301528930664062e-05,0.0002668962478637695,0.00029119777679443356,0.5,1.0,0.613,1.0,1.0,"{'corrected': 613, 'detected': 387, 'undetected': 0}"
SpatiallyCoupledLDPCECC,32,double,1000,238,762,0,2.6683807373046875e-05,0.0004907224178314209,0.0005174062252044678,1.0,0.0,0.238,1.0,1.0,"{'corrected': 238, 'detected': 762, 'undetected': 0}"
SpatiallyCoupledLDPCECC,32,random,1000,233,767,0,2.3453235626220704e-05,0.0004493765830993652,0.00047282981872558594,1.0666666666666667,-0.0625,0.233,1.0,1.0,"{'corrected': 233, 'detected': 767, 'undetected': 0}"
SpatiallyCoupledLDPCECC,32,single,1000,1000,0,0,2.1855354309082033e-05,0.00018328285217285157,0.0002051382064819336,1.0,0.0,1.0,1.0,1.0,"{'corrected': 1000, 'detected': 0, 'undetected': 0}"
SpatiallyCoupledLDPCECC,4,burst,1000,478,522,0,8.556842803955078e-06,4.3565034866333006e-05,5.212187767028809e-05,0.5,1.0,0.478,1.0,1.0,"{'corrected': 478, 'detected': 522, 'undetected': 0}"
SpatiallyCoupledLDPCECC,4,double,1000,530,470,0,9.167909622192384e-06,4.8371553421020506e-05,5.753946304321289e-05,0.5714285714285714,0.75,0.53,1.0,1.0,"{'corrected': 530, 'detected': 470, 'undetected': 0}"
SpatiallyCoupledLDPCECC,4,random,1000,914,86,0,9.476184844970704e-06,3.112721443176269e-05,4.06033992767334e-05,1.0,0.0,0.914,1.0,1.0,"{'corrected': 914, 'detected': 86, 'undetected': 0}"
SpatiallyCoupledLDPCECC,4,single,1000,1000,0,0,8.592844009399413e-06,3.380370140075683e-05,4.2396545410156246e-05,0.5,1.0,1.0,1.0,1.0,"{'corrected': 1000, 'detected': 0, 'undetected': 0}"
SpatiallyCoupledLDPCECC,8,burst,1000,583,417,0,9.822607040405273e-06,5.962347984313965e-05,6.944608688354493e-05,0.5,1.0,0.583,1.0,1.0,"{'corrected': 583, 'detected': 417, 'undetected': 0}"
SpatiallyCoupledLDPCECC,8,double,1000,255,745,0,1.1219739913940429e-05,9.907817840576172e-05,0.00011029791831970216,1.0,0.0,0.255,1.0,1.0,"{'corrected': 255, 'detected': 745, 'undetected': 0}"
SpatiallyCoupledLDPCECC,8,random,1000,673,327,0,8.736610412597656e-06,5.45206069946289e-05,6.325721740722656e-05,0.5,1.0,0.673,1.0,1.0,"{'corrected': 673, 'detected': 327, 'undetected': 0}"
SpatiallyCoupledLDPCECC,8,single,1000,1000,0,0,9.339094161987305e-06,4.636001586914063e-05,5.569911003112793e-05,0.5,1.0,1.0,1.0,1.0,"{'corrected': 1000, 'detected': 0, 'undetected': 0}"
SystemECC,16,burst,1000,0,1000,0,1.764035224914551e-05,7.014274597167969e-07,1.8341779708862307e-05,0.7619047619047619,0.3125,0.0,1.0,1.0,"{'corrected': 0, 'detected': 1000, 'undetected': 0}"
SystemECC,16,double,1000,685,315,0,1.9284725189208983e-05,2.034449577331543e-05,3.962922096252441e-05,0.7619047619047619,0.3125,0.685,1.0,1.0,"{'corrected': 685, 'detected': 315, 'undetected': 0}"
SystemECC,16,random,1000,389,611,0,1.9235610961914064e-05,1.0891199111938476e-05,3.012681007385254e-05,0.8421052631578947,0.1875,0.389,1.0,1.0,"{'corrected': 389, 'detected': 611, 'undetected': 0}"
SystemECC,16,single,1000,0,1000,0,1.7928123474121093e-05,7.162094116210938e-07,1.8644332885742188e-05,0.7619047619047619,0.3125,0.0,1.0,1.0,"{'corrected': 0, 'detected': 1000, 'undetected': 0}"
SystemECC,32,burst,1000,0,1000,0,3.614258766174316e-05,8.864402770996094e-07,3.702902793884277e-05,0.8205128205128205,0.21875,0.0,1.0,1.0,"{'corrected': 0, 'detected': 1000, 'undetected': 0}"
SystemECC,32,double,1000,613,387,0,3.7667274475097656e-05,3.8115739822387695e-05,7.578301429748534e-05,0.8421052631578947,0.1875,0.613,1.0,1.0,"{'corrected': 613, 'detected': 387, 'undetected': 0}"
SystemECC,32,random,1000,350,650,0,3.6338329315185544e-05,2.1194696426391603e-05,5.753302574157714e-05,0.8421052631578947,0.1875,0.35,1.0,1.0,"{'corrected': 350, 'detected': 650, 'undetected': 0}"
SystemECC,32,single,1000,0,1000,0,3.831911087036133e-05,1.1670589447021483e-06,3.948616981506348e-05,0.8421052631578947,0.1875,0.0,1.0,1.0,"{'corrected': 0, 'detected': 1000, 'undetected': 0}"
SystemECC,4,burst,1000,0,1000,0,4.884719848632812e-06,6.349086761474609e-07,5.519628524780273e-06,0.5,1.0,0.0,1.0,1.0,"{'corrected': 0, 'detected': 1000, 'undetected': 0}"
SystemECC,4,double,1000,945,55,0,5.100727081298828e-06,5.204200744628906e-06,1.0304927825927733e-05,0.5714285714285714,0.75,0.945,1.0,1.0,"{'corrected': 945, 'detected': 55, 'undetected': 0}"
SystemECC,4,random,1000,562,438,0,4.970073699951172e-06,3.347635269165039e-06,8.317708969116211e-06,0.5,1.0,0.562,1.0,1.0,"{'corrected': 562, 'detected': 438, 'undetected': 0}"
SystemECC,4,single,1000,0,1000,0,5.266666412353516e-06,7.143020629882812e-07,5.9809684753417965e-06,0.5714285714285714,0.75,0.0,1.0,1.0,"{'corrected': 0, 'detected': 1000, 'undetected': 0}"
SystemECC,8,burst,1000,0,1000,0,9.434700012207032e-06,7.054805755615235e-07,1.0140180587768556e-05,0.6666666666666666,0.5,0.0,1.0,1.0,"{'corrected': 0, 'detected': 1000, 'undetected': 0}"
SystemECC,8,double,1000,811,189,0,9.914159774780273e-06,9.958267211914063e-06,1.9872426986694336e-05,0.6153846153846154,0.625,0.811,1.0,1.0,"{'corrected': 811, 'detected': 189, 'undetected': 0}"
SystemECC,8,random,1000,510,490,0,1.0577201843261718e-05,6.8938732147216795e-06,1.7471075057983398e-05,0.7272727272727273,0.375,0.51,1.0,1.0,"{'corrected': 510, 'detected': 490, 'undetected': 0}"
SystemECC,8,single,1000,0,1000,0,1.0198116302490235e-05,7.588863372802734e-07,1.0957002639770508e-05,0.8,0.25,0.0,1.0,1.0,"{'corrected': 0, 'detected': 1000, 'undetected': 0}"
TurboECC,16,burst,1000,1000,0,0,2.8057098388671877e-05,6.546735763549805e-06,3.460383415222168e-05,0.3333333333333333,2.0,1.0,1.0,1.0,"{'corrected': 1000, 'detected': 0, 'undetected': 0}"
TurboECC,16,double,1000,1000,0,0,2.8756380081176758e-05,6.455898284912109e-06,3.521227836608887e-05,0.3404255319148936,1.9375,1.0,1.0,1.0,"{'corrected': 1000, 'detected': 0, 'undetected': 0}"
TurboECC,16,random,1000,1000,0,0,3.0662059783935546e-05,6.958723068237305e-06,3.762078285217285e-05,0.3404255319148936,1.9375,1.0,1.0,1.0,"{'corrected': 1000, 'detected': 0, 'undetected': 0}"
TurboECC,16,single,1000,1000,0,0,2.9146432876586913e-05,6.920337677001953e-06,3.606677055358887e-05,0.3333333333333333,2.0,1.0,1.0,1.0,"{'corrected': 1000, 'detected': 0, 'undetected': 0}"
TurboECC,32,burst,1000,1000,0,0,4.500722885131836e-05,1.0773897171020508e-05,5.5781126022338866e-05,0.34782608695652173,1.875,1.0,1.0,1.0,"{'corrected': 1000, 'detected': 0, 'undetected': 0}"
TurboECC,32,double,1000,1000,0,0,4.671978950500488e-05,1.167750358581543e-05,5.839729309082031e-05,0.3368421052631579,1.96875,1.0,1.0,1.0,"{'corrected': 1000, 'detected': 0, 'undetected': 0}"
TurboECC,32,random,1000,1000,0,0,4.375267028808594e-05,1.0752201080322265e-05,5.4504871368408206e-05,0.3368421052631579,1.96875,1.0,1.0,1.0,"{'corrected': 1000, 'detected': 0, 'undetected': 0}"
TurboECC,32,single,1000,1000,0,0,4.795265197753906e-05,1.213216781616211e-05,6.008481979370117e-05,0.34782608695652173,1.875,1.0,1.0,1.0,"{'corrected': 1000, 'detected': 0, 'undetected': 0}"
TurboECC,4,burst,1000,1000,0,0,1.4513492584228516e-05,2.628326416015625e-06,1.714181900024414e-05,0.4,1.5,1.0,1.0,1.0,"{'corrected': 1000, 'detected': 0, 'undetected': 0}"
TurboECC,4,double,1000,1000,0,0,1.3336181640625e-05,2.588033676147461e-06,1.592421531677246e-05,0.3333333333333333,2.0,1.0,1.0,1.0,"{'corrected': 1000, 'detected': 0, 'undetected': 0}"
TurboECC,4,random,1000,1000,0,0,1.6786575317382813e-05,3.129243850708008e-06,1.991581916809082e-05,0.36363636363636365,1.75,1.0,1.0,1.0,"{'corrected': 1000, 'detected': 0, 'undetected': 0}"
TurboECC,4,single,1000,1000,0,0,1.3081550598144532e-05,2.4204254150390623e-06,1.5501976013183593e-05,0.4,1.5,1.0,1.0,1.0,"{'corrected': 1000, 'detected': 0, 'undetected': 0}"
TurboECC,8,burst,1000,1000,0,0,1.782059669494629e-05,3.790140151977539e-06,2.161073684692383e-05,0.3333333333333333,2.0,1.0,1.0,1.0,"{'corrected': 1000, 'detected': 0, 'undetected': 0}"
TurboECC,8,double,1000,1000,0,0,1.8518686294555664e-05,3.934621810913086e-06,2.245330810546875e-05,0.3333333333333333,2.0,1.0,1.0,1.0,"{'corrected': 1000, 'detected': 0, 'undetected': 0}"
TurboECC,8,random,1000,1000,0,0,1.9113540649414064e-05,3.987550735473633e-06,2.3101091384887695e-05,0.3333333333333333,2.0,1.0,1.0,1.0,"{'corrected': 1000, 'detected': 0, 'undetected': 0}"
TurboECC,8,single,1000,1000,0,0,1.7524242401123046e-05,3.814697265625e-06,2.1338939666748046e-05,0.3333333333333333,2.0,1.0,1.0,1.0,"{'corrected': 1000, 'detected': 0, 'undetected': 0}"
